{
  "session_start_time": 1748436134.0415585,
  "session_end_time": 1748436183.5068803,
  "total_segments_downloaded": 8,
  "total_bytes_downloaded": 20651424,
  "average_download_speed_kbps": 298819.5934948561,
  "quality_switches": [
    {
      "timestamp": 1748436149.2962666,
      "from_quality": "480p-1500k",
      "to_quality": "720p-4000k",
      "reason": "切换: 吞吐量充足升级 (345688.8kbps > 6000.0kbps)",
      "buffer_level": 20.0,
      "throughput_kbps": 357188.0536301014
    },
    {
      "timestamp": 1748436169.3172343,
      "from_quality": "720p-4000k",
      "to_quality": "1080p-8000k",
      "reason": "切换: 吞吐量充足升级 (345688.8kbps > 12000.0kbps)",
      "buffer_level": 5.0,
      "throughput_kbps": 357188.0536301014
    }
  ],
  "buffering_events": [],
  "quality_time_distribution": {
    "480p-1500k": 49.01840543746948,
    "1080p-8000k": 0.19827866554260254
  },
  "startup_delay_seconds": 0.24863767623901367,
  "total_buffering_time": 0.0,
  "mean_opinion_score": 2.5080573760364513
}